Number,SMILES,Formula,RT ( min ),Area,Match Factor,augmentation_flag,dataset,Tag,jx,Number.1,Structure,Formula.1,RT ( min ).1,Area.1,Match Factor.1,augmentation_flag.1,dataset.1,Tag.1,jx.1
,CCCCCCCCCCCCCCCC(=O)O,,51.22419269,4533761.604,97.75748766,0,train,Unknow,jx,,CCCCCCCCCCCCCCC(=O)O,,48.95143983,4357584.078,92.23880421,0.0,train,Unknow,jx
,CCCCCCCCCCCCCCCCCC(=O)O,,55.0879738,685884.5866,93.46896149,0,val,Unknow,jx,,CC1=C(C2=C(CCC(O2)(C)CCCC(C)CCCC(C)CCCC(C)C)C(=C1O)C)C,,66.27007961,5343161.139,89.24793035,0.0,val,Unknow,jx
,CCCCCCCCCCCCCCC(=O)O,,48.95143983,4357584.078,92.23880421,0,test,Unknow,jx,,C1=CC=C(C=C1)CC(=O)O,,45.25225739,1850302.987,81.04474797,0.0,test,Unknow,jx
,CC1=C(C2=C(CCC(O2)(C)CCCC(C)CCCC(C)CCCC(C)C)C(=C1O)C)C,,66.27007961,5343161.139,89.24793035,0,test,Unknow,jx,,CC1=C2CC(CCC2(CCC1)C)C(=C)C,,27.47853624,3876615.34,89.22757363,0.0,test,Unknow,jx
,C1=CC=C(C=C1)CC(=O)O,,45.25225739,1850302.987,81.04474797,0,test,Unknow,jx,,CC(=CCCC(=CCOC(=O)C)C)C,,28.93925193,28747712.16,95.88951096,0.0,test,Unknow,jx
,CC1=C2CC(CCC2(CCC1)C)C(=C)C,,27.47853624,3876615.34,89.22757363,0,test,Unknow,jx,,CC(=O)OCC(CO)O,,40.54039468,338234.0411,87.8392383,0.0,test,Unknow,jx
,CC(=CCCC(=CCOC(=O)C)C)C,,28.93925193,28747712.16,95.88951096,0,test,Unknow,jx,,COC=O,,12.93293285,499575.2558,86.46113049,0.0,test,Unknow,jx
,CC(=O)OCC(CO)O,,40.54039468,338234.0411,87.8392383,0,test,Unknow,jx,,COCOC,,13.77387089,744244.2543,88.8924583,0.0,test,Unknow,jx
,COC=O,,12.93293285,499575.2558,86.46113049,0,test,Unknow,jx,,C1=CC=NC=C1,,8.425155204,674666.5023,90.55915967,0.0,test,Unknow,jx
,COCOC,,13.77387089,744244.2543,88.8924583,0,test,Unknow,jx,,CC(=CCCC(=O)C)C,,13.22644607,2020401.799,94.32462169,0.0,test,Unknow,jx
,C1=CC=NC=C1,,8.425155204,674666.5023,90.55915967,0,test,Unknow,jx,,CC(=CCCC(=CCCC(=CCCC=C(C)CCC=C(C)CCC=C(C)C)C)C)C,,53.63912809,25780839.38,93.55811556,0.0,test,Unknow,jx
,CC(=CCCC(=O)C)C,,13.22644607,2020401.799,94.32462169,0,test,Unknow,jx,,C1CSC=C1,,42.29014437,2427725.774,81.36424261,0.0,test,Unknow,jx
,CC(=CCCC(=CCCC(=CCCC=C(C)CCC=C(C)CCC=C(C)C)C)C)C,,53.63912809,25780839.38,93.55811556,0,test,Unknow,jx,,CCCCCCCCCC=O,,19.32323487,5948364.076,96.66052677,0.0,test,Unknow,jx
,C1CSC=C1,,42.29014437,2427725.774,81.36424261,0,test,Unknow,jx,,CCCCCCCCCCCCCCCC(=O)OC,,39.29782572,14043011.41,93.3175218,0.0,test,Unknow,jx
,CCCCCCCCCC=O,,19.32323487,5948364.076,96.66052677,0,test,Unknow,jx,,CCCCCCCCC=CCCCCCCCC(=O)OC,,43.44005141,1883564.781,82.01154418,0.0,test,Unknow,jx
,CCCCCCCCCCCCCCCC(=O)OC,,39.29782572,14043011.41,93.3175218,0,test,Unknow,jx,,CCCCCC=CCC=CCCCCCCCC(=O)OC,,44.13944994,13754955.6,98.66130748,0.0,test,Unknow,jx
,CCCCCCCCC=CCCCCCCCC(=O)OC,,43.44005141,1883564.781,82.01154418,0,test,Unknow,jx,,CC1(CC2C1CCC3(C(O3)CCC2=C)C)C,,34.27160425,2638780.466,86.45443435,0.0,test,Unknow,jx
,CCCCCC=CCC=CCCCCCCCC(=O)OC,,44.13944994,13754955.6,98.66130748,0,test,Unknow,jx,,CC(=O)CO,,12.27353641,880215.1295,96.79011899,0.0,test,Unknow,jx
,CC1(CC2C1CCC3(C(O3)CCC2=C)C)C,,34.27160425,2638780.466,86.45443435,0,test,Unknow,jx,,CCC=CCC=CCC=CCCCCCCCC(=O)OCC,,45.77094214,4746903.716,89.65187976,0.0,test,Unknow,jx
,CC(=O)CO,,12.27353641,880215.1295,96.79011899,0,test,Unknow,jx,,CCC1=CC2=CC=CC=C2S1,,48.28125202,296732.197,83.39064747,0.0,test,Unknow,jx
,CCC=CCC=CCC=CCCCCCCCC(=O)OCC,,45.77094214,4746903.716,89.65187976,0,test,Unknow,jx,,CC1=CCC(CC1O)C(=C)C,,31.04130522,6249185.73,96.53447747,0.0,test,Unknow,jx
,CCC1=CC2=CC=CC=C2S1,,48.28125202,296732.197,83.39064747,0,test,Unknow,jx,,C1=CC(=CC=C1C=O)O,,51.53790601,2284037.147,94.06244085,0.0,test,Unknow,jx
,CC1=CCC(CC1O)C(=C)C,,31.04130522,6249185.73,96.53447747,0,test,Unknow,jx,,C1CC(=O)NC1=O,,43.8612913,236162.2671,83.08145217,0.0,test,Unknow,jx
,C1=CC(=CC=C1C=O)O,,51.53790601,2284037.147,94.06244085,0,test,Unknow,jx,,CCCCC=CCCCCCCCCCCCC(=O)O,,55.85436338,153617163.4,97.83739143,0.0,test,Unknow,jx
,C1CC(=O)NC1=O,,43.8612913,236162.2671,83.08145217,0,test,Unknow,jx,,C1=CC=C(C=C1)C=CC(=O)O,,49.85346015,1071493.332,89.80850257,0.0,test,Unknow,jx
,CCCCC=CCCCCCCCCCCCC(=O)O,,55.85436338,153617163.4,97.83739143,0,test,Unknow,jx,,CC(=CCCC(=CCOC(=O)C)C)C,,27.93336466,27983336.85,91.75294662,0.0,test,Unknow,jx
,C1=CC=C(C=C1)C=CC(=O)O,,49.85346015,1071493.332,89.80850257,0,test,Unknow,jx,,CCCCCCCCCCCC(=O)O,,44.03317039,12477504.81,94.54161983,0.0,test,Unknow,jx
,CC(=CCCC(=CCOC(=O)C)C)C,,27.93336466,27983336.85,91.75294662,0,test,Unknow,jx,,C1=CN=CC=C1C(=O)N,,51.78880695,418814.36,81.9327446,0.0,test,Unknow,jx
,CCCCCCCCCCCC(=O)O,,44.03317039,12477504.81,94.54161983,0,test,Unknow,jx,,CCCCCCC1C(CC(=O)O1)C,,37.13851973,2358504.292,84.07506781,0.0,test,Unknow,jx
,C1=CN=CC=C1C(=O)N,,51.78880695,418814.36,81.9327446,0,test,Unknow,jx,,CC(CCC=C(C)C)CCOC(=O)C,,25.7450687,8499794.691,93.9309917,0.0,test,Unknow,jx
,CCCCCCC1C(CC(=O)O1)C,,37.13851973,2358504.292,84.07506781,0,test,Unknow,jx,,CC(C)CCCC(C)CCCC(C)CCCC(=CCO)C,,46.05266274,4176833.501,88.13306581,0.0,test,Unknow,jx
,CC(CCC=C(C)C)CCOC(=O)C,,25.7450687,8499794.691,93.9309917,0,test,Unknow,jx,,CC(=C)C1CCC(=CC1)COC(=O)C,,32.67692156,2678894.782,90.6197079,0.0,test,Unknow,jx
,CC(C)CCCC(C)CCCC(C)CCCC(=CCO)C,,46.05266274,4176833.501,88.13306581,0,test,Unknow,jx,,CC1(CCCC2(C1=CC(=O)O2)C)C,,41.43962499,13879162.42,94.36088738,0.0,test,Unknow,jx
,CC(=C)C1CCC(=CC1)COC(=O)C,,32.67692156,2678894.782,90.6197079,0,test,Unknow,jx,,C=CCCCCCCCCCCCCC(=O)O,,49.38951449,3178694.319,81.48269708,0.0,test,Unknow,jx
,CC1(CCCC2(C1=CC(=O)O2)C)C,,41.43962499,13879162.42,94.36088738,0,test,Unknow,jx,,CC1=CCC2(CC1)C(=C)CCCC2(C)C,,39.4897965,9323297.526,84.06498375,0.0,test,Unknow,jx
,C=CCCCCCCCCCCCCC(=O)O,,49.38951449,3178694.319,81.48269708,0,test,Unknow,jx,,CC(=C)C1CCC(=CC1)CO,,35.0152482,2930182.753,89.70433327,0.0,test,Unknow,jx
,CC1=CCC2(CC1)C(=C)CCCC2(C)C,,39.4897965,9323297.526,84.06498375,0,test,Unknow,jx,,C[Si]1(O[Si](O[Si](O[Si](O[Si](O[Si](O[Si](O[Si](O[Si](O[Si](O[Si](O[Si](O1)(C)C)(C)C)(C)C)(C)C)(C)C)(C)C)(C)C)(C)C)(C)C)(C)C)(C)C)C,,43.61892796,95980.45986,80.41549339,0.0,test,Unknow,jx
,CC(=C)C1CCC(=CC1)CO,,35.0152482,2930182.753,89.70433327,0,test,Unknow,jx,,CC(=C)C1CCC(C(C1)O)(C)O,,40.38584078,31670379.78,97.9086248,0.0,test,Unknow,jx
,C[Si]1(O[Si](O[Si](O[Si](O[Si](O[Si](O[Si](O[Si](O[Si](O[Si](O[Si](O[Si](O1)(C)C)(C)C)(C)C)(C)C)(C)C)(C)C)(C)C)(C)C)(C)C)(C)C)(C)C)C,,43.61892796,95980.45986,80.41549339,0,test,Unknow,jx,,CC1=CC2C(CC1)C(=CCC2C(C)C)C,,27.62761648,4161882.802,81.79283743,0.0,test,Unknow,jx
,CC(=C)C1CCC(C(C1)O)(C)O,,40.38584078,31670379.78,97.9086248,0,test,Unknow,jx,,CC(C)C1=CC(C(CC1)(C)C=C)C(=C)C,,17.81906452,24973863.85,94.79505504,0.0,test,Unknow,jx
,CC1=CC2C(CC1)C(=CCC2C(C)C)C,,27.62761648,4161882.802,81.79283743,0,test,Unknow,jx,,CC(C)(C)C1=CC(=CC(=C1O)C(C)(C)C)[N+]#[C-],,50.36969908,114194.6215,83.44339686,0.0,test,Unknow,jx
,CC(C)C1=CC(C(CC1)(C)C=C)C(=C)C,,17.81906452,24973863.85,94.79505504,0,test,Unknow,jx,,C1=CC=C2C(=C1)C3=CC=CC4=C3C2=CC=C4,,59.14877131,624650.1112,92.71678561,0.0,test,Unknow,jx
,CC(C)(C)C1=CC(=CC(=C1O)C(C)(C)C)[N+]#[C-],,50.36969908,114194.6215,83.44339686,0,test,Unknow,jx,,CC(C)C1(CCC(C=C1)(C)O)O,,36.83937224,6175383.984,82.84621636,0.0,test,Unknow,jx
,C1=CC=C2C(=C1)C3=CC=CC4=C3C2=CC=C4,,59.14877131,624650.1112,92.71678561,0,test,Unknow,jx,,CC(CCC(C(=C)C)O)C=C,,39.20406934,7572738.54,81.50279074,0.0,test,Unknow,jx
,CC(C)C1(CCC(C=C1)(C)O)O,,36.83937224,6175383.984,82.84621636,0,test,Unknow,jx,,CC1CCC(C2C13C2C(CC3)(C)O)C(C)C,,33.45754516,7994578.448,90.37364279,0.0,test,Unknow,jx
,CC(CCC(C(=C)C)O)C=C,,39.20406934,7572738.54,81.50279074,0,test,Unknow,jx,,CC1=CCCC(=C)C=CC(CC1)C(C)C,,26.8389724,17672074.65,94.71129552,0.0,test,Unknow,jx
,CC1CCC(C2C13C2C(CC3)(C)O)C(C)C,,33.45754516,7994578.448,90.37364279,0,test,Unknow,jx,,CC(C(C)O)O,,22.79246876,11069059.41,93.4987988,0.0,test,Unknow,jx
,CC1=CCCC(=C)C=CC(CC1)C(C)C,,26.8389724,17672074.65,94.71129552,0,test,Unknow,jx,,CC1=CCC2C(C1)CC(CC=C2C)(C)C,,24.69816153,4441577.123,90.52756221,0.0,test,Unknow,jx
,CC(C(C)O)O,,22.79246876,11069059.41,93.4987988,0,test,Unknow,jx,,CC(=CCC(COC(=O)C)C(=C)C)C,,28.87409611,7408376.448,90.86243253,0.0,test,Unknow,jx
,CC1=CCC2C(C1)CC(CC=C2C)(C)C,,24.69816153,4441577.123,90.52756221,0,test,Unknow,jx,,COC1=CC(=CC(=C1O)OC)C=C,,45.51859006,2270251.666,89.8717819,0.0,test,Unknow,jx
,CC(=CCC(COC(=O)C)C(=C)C)C,,28.87409611,7408376.448,90.86243253,0,test,Unknow,jx,,CCC=CCC=CCC=CCCCCCCCC(=O)OC,,45.2433801,9201888.782,94.67339496,0.0,test,Unknow,jx
,COC1=CC(=CC(=C1O)OC)C=C,,45.51859006,2270251.666,89.8717819,0,test,Unknow,jx,,CCCCC(OCC)OCC,,6.464447078,1184863.692,89.30373022,0.0,test,Unknow,jx
,CCC=CCC=CCC=CCCCCCCCC(=O)OC,,45.2433801,9201888.782,94.67339496,0,test,Unknow,jx,,CC1=CCC2C3C1C2(CCC3C(C)C)C,,18.46680186,12589641.92,94.78179341,0.0,test,Unknow,jx
,CCCCC(OCC)OCC,,6.464447078,1184863.692,89.30373022,0,test,Unknow,jx,,CC(C)CC(=O)OCC=C(C)CCC=C(C)C,,30.6651154,661539.0493,80.42012177,0.0,test,Unknow,jx
,CC1=CCC2C3C1C2(CCC3C(C)C)C,,18.46680186,12589641.92,94.78179341,0,test,Unknow,jx,,CC(CO)O,,23.30256994,2834460.552,95.4904325,0.0,test,Unknow,jx
,CC(C)CC(=O)OCC=C(C)CCC=C(C)C,,30.6651154,661539.0493,80.42012177,0,test,Unknow,jx,,C=C1C2=CC=CC=C2C3=CC=CC=C13,,47.66949773,1064288.738,87.35745709,0.0,test,Unknow,jx
,CC(CO)O,,23.30256994,2834460.552,95.4904325,0,test,Unknow,jx,,CCC=CCC=CCC=CCCCCCCCC(=O)O,,59.91011501,252279879.6,97.58847892,0.0,test,Unknow,jx
,C=C1C2=CC=CC=C2C3=CC=CC=C13,,47.66949773,1064288.738,87.35745709,0,test,Unknow,jx,,CC1CC(=O)C=C2C1(CC(CC2)C(=C)C)C,,44.39347912,6312013.798,90.58156567,0.0,test,Unknow,jx
,CCC=CCC=CCC=CCCCCCCCC(=O)O,,59.91011501,252279879.6,97.58847892,0,test,Unknow,jx,,C1COC2=CC=CC=C21,,42.55572232,1602414.422,87.92119685,0.0,test,Unknow,jx
,CC1CC(=O)C=C2C1(CC(CC2)C(=C)C)C,,44.39347912,6312013.798,90.58156567,0,test,Unknow,jx,,CC1=C(C=C(C=C1)C(C)C)O,,39.33214263,33547071.99,96.37019936,0.0,test,Unknow,jx
,C1COC2=CC=CC=C21,,42.55572232,1602414.422,87.92119685,0,test,Unknow,jx,,C1=CC(=CC=C1CCO)O,,52.58155041,2960089.508,88.67651493,0.0,test,Unknow,jx
,CC1=C(C=C(C=C1)C(C)C)O,,39.33214263,33547071.99,96.37019936,0,test,Unknow,jx,,CC(=CCCC(=CCC=C(C)C=C)C)C,,28.69856542,108590845.0,94.50184315,0.0,test,Unknow,jx
,C1=CC(=CC=C1CCO)O,,52.58155041,2960089.508,88.67651493,0,test,Unknow,jx,,CCCCCCCCCCCCCCCCC(=O)O,,52.52837175,9898375.772,93.53937973,0.0,test,Unknow,jx
,CC(=CCCC(=CCC=C(C)C=C)C)C,,28.69856542,108590845.0,94.50184315,0,test,Unknow,jx,,CCCCCCCCCCCCCCCCCCCC(=O)O,,61.85982506,11144303.19,89.31525763,0.0,test,Unknow,jx
,CCCCCCCCCCCCCCCCC(=O)O,,52.52837175,9898375.772,93.53937973,0,test,Unknow,jx,,CC(C(C)O)O,,21.34332329,15894371.54,96.86837928,0.0,test,Unknow,jx
,CCCCCCCCCCCCCCCCCCCC(=O)O,,61.85982506,11144303.19,89.31525763,0,test,Unknow,jx,,CC(=C)C1CCC(C(C1)C(=C)C)(C)C=C,,22.63088352,118440411.0,97.27505848,0.0,test,Unknow,jx
,CC(C(C)O)O,,21.34332329,15894371.54,96.86837928,0,test,Unknow,jx,,CC12CCCC(=C)C1CC(CC2)C(=C)CO,,43.01786428,3655247.634,88.15256502,0.0,test,Unknow,jx
,CC(=C)C1CCC(C(C1)C(=C)C)(C)C=C,,22.63088352,118440411.0,97.27505848,0,test,Unknow,jx,,CC(=C)C1CCC(=CC1)CO,,34.85609082,3311843.478,84.80755768,0.0,test,Unknow,jx
,CC12CCCC(=C)C1CC(CC2)C(=C)CO,,43.01786428,3655247.634,88.15256502,0,test,Unknow,jx,,C[Si]1(O[Si](O[Si](O[Si](O[Si](O[Si](O1)(C)C)(C)C)(C)C)(C)C)(C)C)C,,14.3023542,341924.6966,95.0039256,0.0,test,Unknow,jx
,CC(=C)C1CCC(=CC1)CO,,34.85609082,3311843.478,84.80755768,0,test,Unknow,jx,,CCCCCC=CCC=CCCCCCCCC(=O)OCC,,44.688328,10642832.4,94.86315044,0.0,test,Unknow,jx
,C[Si]1(O[Si](O[Si](O[Si](O[Si](O[Si](O1)(C)C)(C)C)(C)C)(C)C)(C)C)C,,14.3023542,341924.6966,95.0039256,0,test,Unknow,jx,,CCCCCCCCCCCCCC(=O)O,,47.37668228,15743168.8,87.39098294,0.0,test,Unknow,jx
,CCCCCC=CCC=CCCCCCCCC(=O)OCC,,44.688328,10642832.4,94.86315044,0,test,Unknow,jx,,CCCCCCC=CC=CCCCCCCCC(=O)O,,57.55052945,373991181.3,95.6829456,0.0,test,Unknow,jx
,CCCCCCCCCCCCCC(=O)O,,47.37668228,15743168.8,87.39098294,0,test,Unknow,jx,,C[Si]1(O[Si](O[Si](O[Si](O[Si](O[Si](O[Si](O[Si](O1)(C)C)(C)C)(C)C)(C)C)(C)C)(C)C)(C)C)C,,27.58540365,489975.6524,84.81278918,0.0,test,Unknow,jx
,CCCCCCC=CC=CCCCCCCCC(=O)O,,57.55052945,373991181.3,95.6829456,0,test,Unknow,jx,,C[Si]1(O[Si](O[Si](O[Si](O[Si](O[Si](O[Si](O[Si](O[Si](O1)(C)C)(C)C)(C)C)(C)C)(C)C)(C)C)(C)C)(C)C)C,,31.88272145,481024.8929,92.06217389,0.0,test,Unknow,jx
,C[Si]1(O[Si](O[Si](O[Si](O[Si](O[Si](O[Si](O[Si](O1)(C)C)(C)C)(C)C)(C)C)(C)C)(C)C)(C)C)C,,27.58540365,489975.6524,84.81278918,0,test,Unknow,jx,,CC1=CCC(CC1)(C(C)C)O,,23.38807432,8853155.055,95.29773491,0.0,test,Unknow,jx
,C[Si]1(O[Si](O[Si](O[Si](O[Si](O[Si](O[Si](O[Si](O[Si](O1)(C)C)(C)C)(C)C)(C)C)(C)C)(C)C)(C)C)(C)C)C,,31.88272145,481024.8929,92.06217389,0,test,Unknow,jx,,C(C(CO)O)O,,41.16140866,28871881.33,95.60951527,0.0,test,Unknow,jx
,CC1=CCC(CC1)(C(C)C)O,,23.38807432,8853155.055,95.29773491,0,test,Unknow,jx,,CCCCCCCCCCC=CCCCCCC(=O)OC,,43.32049591,8260653.014,91.8908196,0.0,test,Unknow,jx
,C(C(CO)O)O,,41.16140866,28871881.33,95.60951527,0,test,Unknow,jx,,C1=CC=NC(=C1)C2=CN=CC=C2,,43.72140842,322723.318,84.63985206,0.0,test,Unknow,jx
,CCCCCCCCCCC=CCCCCCC(=O)OC,,43.32049591,8260653.014,91.8908196,0,test,Unknow,jx,,CC1=CCC(CC1)C(=C)C,,7.701210364,125913814.6,98.14125123,0.0,test,Unknow,jx
,C1=CC=NC(=C1)C2=CN=CC=C2,,43.72140842,322723.318,84.63985206,0,test,Unknow,jx,,CCCCCCCCC=CCCCCCCCC(=O)OCC,,43.89519877,4226644.029,87.25568819,0.0,test,Unknow,jx
,CC1=CCC(CC1)C(=C)C,,7.701210364,125913814.6,98.14125123,0,test,Unknow,jx,,C1CC(=O)NC1,,35.57472948,1336313.971,92.75111532,0.0,test,Unknow,jx
,CCCCCCCCC=CCCCCCCCC(=O)OCC,,43.89519877,4226644.029,87.25568819,0,test,Unknow,jx,,CCOC(=O)C(=O)C,,11.04376971,973447.5913,88.25878212,0.0,test,Unknow,jx
,C1CC(=O)NC1,,35.57472948,1336313.971,92.75111532,0,test,Unknow,jx,,COC1=C(C=C(C=C1)C=O)O,,45.32737715,4874909.193,93.40655116,0.0,test,Unknow,jx
,CCOC(=O)C(=O)C,,11.04376971,973447.5913,88.25878212,0,test,Unknow,jx,,CCCCCCCCCCCCCCCC(=O)OCC,,39.97808713,7711285.225,82.19178512,0.0,test,Unknow,jx
,COC1=C(C=C(C=C1)C=O)O,,45.32737715,4874909.193,93.40655116,0,test,Unknow,jx,,COCC(=O)OC,,19.1630047,102018.4538,82.83579886,0.0,test,Unknow,jx
,CCCCCCCCCCCCCCCC(=O)OCC,,39.97808713,7711285.225,82.19178512,0,test,Unknow,jx,,CC(=C)C1CC(CCC1(C)C=C)C(C)(C)O,,36.57668561,17972175.48,98.23861714,0.0,test,Unknow,jx
,COCC(=O)OC,,19.1630047,102018.4538,82.83579886,0,test,Unknow,jx,,CC(=CCCC(C)(C=C)O)CO,,41.09852863,26001510.0,96.08060844,0.0,test,Unknow,jx
,CC(=C)C1CC(CCC1(C)C=C)C(C)(C)O,,36.57668561,17972175.48,98.23861714,0,test,Unknow,jx,,CCO,,6.977788574,86913.1472,86.34465434,0.0,test,Unknow,jx
,CC(=CCCC(C)(C=C)O)CO,,41.09852863,26001510.0,96.08060844,0,test,Unknow,jx,,CC(=O)O,,18.02522157,20477111.77,99.69996091,0.0,test,Unknow,jx
,CCO,,6.977788574,86913.1472,86.34465434,0,test,Unknow,jx,,CCCCC(CC)COC(=O)C1=CC=C(C=C1)C(=O)OCC(CC)CCCC,,61.5582676,2811079.237,94.36176417,0.0,test,Unknow,jx
,CC(=O)O,,18.02522157,20477111.77,99.69996091,0,test,Unknow,jx,,C1=CC=C(C=C1)C(=O)O,,43.15914477,4004025.797,95.3193219,0.0,test,Unknow,jx
,CCCCC(CC)COC(=O)C1=CC=C(C=C1)C(=O)OCC(CC)CCCC,,61.5582676,2811079.237,94.36176417,0,test,Unknow,jx,,C1=C(OC(=C1)C=O)CO,,44.36284248,6631863.95,96.33249296,0.0,test,Unknow,jx
,C1=CC=C(C=C1)C(=O)O,,43.15914477,4004025.797,95.3193219,0,test,Unknow,jx,,CC1(C2C1C3C(CCC3(C)O)C(=C)CC2)C,,37.40805188,4171935.144,86.84240913,0.0,test,Unknow,jx
,C1=C(OC(=C1)C=O)CO,,44.36284248,6631863.95,96.33249296,0,test,Unknow,jx,,CC1=CCC(C=CCC(=CCC1)C)(C)C,,25.37948842,10453919.89,92.93710826,0.0,test,Unknow,jx
,CC1(C2C1C3C(CCC3(C)O)C(=C)CC2)C,,37.40805188,4171935.144,86.84240913,0,test,Unknow,jx,,CS(=O)C,,22.1125793,3308468.193,94.13361389,0.0,test,Unknow,jx
,CC1=CCC(C=CCC(=CCC1)C)(C)C,,25.37948842,10453919.89,92.93710826,0,test,Unknow,jx,,CC(CCCC(=C)C)CCO,,29.23944798,5025868.002,91.28932122,0.0,test,Unknow,jx
,CS(=O)C,,22.1125793,3308468.193,94.13361389,0,test,Unknow,jx,,CC(=CCCC(=CCCC(=CCCC=C(C)CCC=C(C)CCC1C(O1)(C)C)C)C)C,,62.85274038,13961435.61,82.54892598,0.0,test,Unknow,jx
,CC(CCCC(=C)C)CCO,,29.23944798,5025868.002,91.28932122,0,test,Unknow,jx,,CC(=C)C1CCC(=CC1)C(=O)O,,45.86964274,2158544.2,91.05672687,0.0,test,Unknow,jx
,CC(=CCCC(=CCCC(=CCCC=C(C)CCC=C(C)CCC1C(O1)(C)C)C)C)C,,62.85274038,13961435.61,82.54892598,0,test,Unknow,jx,,COC1=C(C=CC(=C1)C=C)O,,38.97107728,9570621.408,95.88908345,0.0,test,Unknow,fjx
,CC(=C)C1CCC(=CC1)C(=O)O,,45.86964274,2158544.2,91.05672687,0,test,Unknow,jx,,CC(=CCCC(C)(C=C)O)C,,21.60771581,26430032.8,98.9125513,0.0,test,Unknow,fjx
,COC1=C(C=CC(=C1)C=C)O,,38.97107728,9570621.408,95.88908345,0,test,Unknow,fjx,,CC(C)COC(=O)C1=CC=CC=C1C(=O)OCC(C)C,,44.94054441,9354135.249,92.92135072,0.0,test,Unknow,fjx
,CC(=CCCC(C)(C=C)O)C,,21.60771581,26430032.8,98.9125513,0,test,Unknow,fjx,,CC1=C2CCC(C2C3C(C3(C)C)CC1)(C)O,,39.96500178,21133306.92,94.32040035,0.0,test,Unknow,fjx
,CC(C)COC(=O)C1=CC=CC=C1C(=O)OCC(C)C,,44.94054441,9354135.249,92.92135072,0,test,Unknow,fjx,,CC1=CC(=C(C=C1)C(C)C)O,,38.80203813,27835815.78,94.78637127,0.0,test,Unknow,fjx
,CC1=C2CCC(C2C3C(C3(C)C)CC1)(C)O,,39.96500178,21133306.92,94.32040035,0,test,Unknow,fjx,,CC1=CCC(CC1O)C(=C)C,,31.81279406,4034183.7,91.28416209,0.0,test,Unknow,fjx
,CC1=CC(=C(C=C1)C(C)C)O,,38.80203813,27835815.78,94.78637127,0,test,Unknow,fjx,,CC1=CCC(=CC1)C(C)C,,9.249064569,11157347.03,97.67229178,0.0,test,Unknow,fjx
,CC1=CCC(CC1O)C(=C)C,,31.81279406,4034183.7,91.28416209,0,test,Unknow,fjx,,CC1=CC=C(C=C1)C(C)C,,10.29160193,6931019.552,95.05107907,0.0,test,Unknow,fjx
,CC1=CCC(=CC1)C(C)C,,9.249064569,11157347.03,97.67229178,0,test,Unknow,fjx,,CN1CCCC1C2=CN=CC=C2,,34.35563103,6580699.586,97.44236644,0.0,test,Unknow,fjx
,CC1=CC=C(C=C1)C(C)C,,10.29160193,6931019.552,95.05107907,0,test,Unknow,fjx,,CCCCCCCCCCCCCCCC(=O)O,,51.40313287,31351989.35,97.25428035,0.0,test,Unknow,fjx
,CN1CCCC1C2=CN=CC=C2,,34.35563103,6580699.586,97.44236644,0,test,Unknow,fjx,,CCCCCCCCCCCCCCCCCC(=O)O,,55.17613115,1428042.372,90.88849505,0.0,test,Unknow,fjx
,CCCCCCCCCCCCCCCC(=O)O,,51.40313287,31351989.35,97.25428035,0,test,Unknow,fjx,,COC1=CC=CC=C1O,,21.69093933,19151.23778,80.64651894,0.0,test,Unknow,fjx
,CCCCCCCCCCCCCCCCCC(=O)O,,55.17613115,1428042.372,90.88849505,0,test,Unknow,fjx,,C=CC1=CN=CN1,,16.30873797,22500.37791,81.5584018,0.0,test,Unknow,fjx
,COC1=CC=CC=C1O,,21.69093933,19151.23778,80.64651894,0,test,Unknow,fjx,,CC1(CC(CC2(C1=CC(=O)O2)C)O)C,,47.41302223,855713.7349,93.36762018,0.0,test,Unknow,fjx
,C=CC1=CN=CN1,,16.30873797,22500.37791,81.5584018,0,test,Unknow,fjx,,CC1CC(C2CCC(=O)OC2C1)C,,45.82475614,231103.1196,81.90825024,0.0,test,Unknow,fjx
,CC1(CC(CC2(C1=CC(=O)O2)C)O)C,,47.41302223,855713.7349,93.36762018,0,test,Unknow,fjx,,CCCCOC(=O)C1=CC=CC=C1C(=O)OC(CC)CCC(CC)CC,,51.1960857,121004.0531,88.76595397,0.0,test,Unknow,fjx
,CC1CC(C2CCC(=O)OC2C1)C,,45.82475614,231103.1196,81.90825024,0,test,Unknow,fjx,,CCCCCCCCCCCC=CCCCCC(=O)O,,54.9375436,23326211.92,82.84632843,0.0,test,Unknow,fjx
,CCCCOC(=O)C1=CC=CC=C1C(=O)OC(CC)CCC(CC)CC,,51.1960857,121004.0531,88.76595397,0,test,Unknow,fjx,,CC(=O)OCCF,,8.512164587,26326.80682,82.8420453,0.0,test,Unknow,fjx
,CCCCCCCCCCCC=CCCCCC(=O)O,,54.9375436,23326211.92,82.84632843,0,test,Unknow,fjx,,CCCC(CCC)COC(=O)C1=CC=CC=C1C(=O)OCC(CCC)CCC,,61.51411992,137264.7103,89.66888592,0.0,test,Unknow,fjx
,CC(=O)OCCF,,8.512164587,26326.80682,82.8420453,0,test,Unknow,fjx,,CC1=CCCC2(C1CC(CC2)C(C)(C)O)C,,44.67128241,705720.1545,94.51102951,0.0,test,Unknow,fjx
,CCCC(CCC)COC(=O)C1=CC=CC=C1C(=O)OCC(CCC)CCC,,61.51411992,137264.7103,89.66888592,0,test,Unknow,fjx,,CCCCCC=CCC=CCCCCCCCC(=O)OCC=C(C)CCC=C(C)C,,59.63007942,724417.5802,80.32475702,0.0,test,Unknow,fjx
,CC1=CCCC2(C1CC(CC2)C(C)(C)O)C,,44.67128241,705720.1545,94.51102951,0,test,Unknow,fjx,,CCCCCCCCCCCCOP(=O)(OCC)OCC,,49.01384716,405339.62,89.2574366,0.0,test,Unknow,fjx
,CCCCCC=CCC=CCCCCCCCC(=O)OCC=C(C)CCC=C(C)C,,59.63007942,724417.5802,80.32475702,0,test,Unknow,fjx,,CCCCC1CCCO1,,33.62747739,285233.2737,80.18490082,0.0,test,Unknow,fjx
,CCCCCCCCCCCCOP(=O)(OCC)OCC,,49.01384716,405339.62,89.2574366,0,test,Unknow,fjx,,CC(=C)C(C=C)C=C(C)COC(=O)C,,40.81008691,100689.9611,81.66562265,0.0,test,Unknow,fjx
,CCCCC1CCCO1,,33.62747739,285233.2737,80.18490082,0,test,Unknow,fjx,,CC1=C(C(=O)C(O1)(C)O)O,,16.6171225,49213.78021,88.35924135,0.0,test,Unknow,fjx
,CC(=C)C(C=C)C=C(C)COC(=O)C,,40.81008691,100689.9611,81.66562265,0,test,Unknow,fjx,,CC1CCC(C1C)C(C)CO,,29.34204684,156152.3392,86.82765464,0.0,test,Unknow,fjx
,CC1=C(C(=O)C(O1)(C)O)O,,16.6171225,49213.78021,88.35924135,0,test,Unknow,fjx,,CC1=CC(=O)CC(C1C=CC=C)(C)C,,27.22292351,686987.5016,97.5357958,0.0,test,Unknow,fjx
,CC1CCC(C1C)C(C)CO,,29.34204684,156152.3392,86.82765464,0,test,Unknow,fjx,,CC(=C)C1CCC2(CCCC(C2C1)(C)O)C,,32.27823955,124658.4794,82.70192181,0.0,test,Unknow,fjx
,CC1=CC(=O)CC(C1C=CC=C)(C)C,,27.22292351,686987.5016,97.5357958,0,test,Unknow,fjx,,C1CC(=O)C(=C1)O,,14.03590943,51504.11777,91.71805717,0.0,test,Unknow,fjx
,CC(=C)C1CCC2(CCCC(C2C1)(C)O)C,,32.27823955,124658.4794,82.70192181,0,test,Unknow,fjx,,CCOC(C)OCC,,7.197529851,137836.7843,95.22274753,0.0,test,Unknow,fjx
,C1CC(=O)C(=C1)O,,14.03590943,51504.11777,91.71805717,0,test,Unknow,fjx,,CC(=CCCC(=CCOC(=O)C)C)C,,34.44889209,1660024.499,88.81838225,0.0,test,Unknow,fjx
,CCOC(C)OCC,,7.197529851,137836.7843,95.22274753,0,test,Unknow,fjx,,CC(=O)OCC1=CCC2CC1C2(C)C,,37.55838558,158097.8931,80.75856191,0.0,test,Unknow,fjx
,CC(=CCCC(=CCOC(=O)C)C)C,,34.44889209,1660024.499,88.81838225,0,test,Unknow,fjx,,CCCCC(=O)O,,16.04008874,24131.47639,88.7650615,0.0,test,Unknow,fjx
,CC(=O)OCC1=CCC2CC1C2(C)C,,37.55838558,158097.8931,80.75856191,0,test,Unknow,fjx,,CC(=CCCC(=O)C)C,,16.73776438,35858.07267,89.05027135,0.0,test,Unknow,fjx
,CCCCC(=O)O,,16.04008874,24131.47639,88.7650615,0,test,Unknow,fjx,,CC(CCC=C(C)C)CCO,,28.43778207,345447.8253,92.30242123,0.0,test,Unknow,fjx
,CC(=CCCC(=O)C)C,,16.73776438,35858.07267,89.05027135,0,test,Unknow,fjx,,CCCCCCCCC(=O)O,,30.22522652,67990.08772,82.75971375,0.0,test,Unknow,fjx
,CC(CCC=C(C)C)CCO,,28.43778207,345447.8253,92.30242123,0,test,Unknow,fjx,,CCCCCCCCCCOC(=O)C,,36.45692976,78878.39376,91.62338526,0.0,test,Unknow,fjx
,CCCCCCCCC(=O)O,,30.22522652,67990.08772,82.75971375,0,test,Unknow,fjx,,CCCCCCCCCC=O,,27.52695925,261455.0736,94.14048877,0.0,test,Unknow,fjx
,CCCCCCCCCCOC(=O)C,,36.45692976,78878.39376,91.62338526,0,test,Unknow,fjx,,CCCCCCCCCCCCCCCC(=O)OC,,50.45597222,870157.3816,92.73158533,0.0,test,Unknow,fjx
,CCCCCCCCCC=O,,27.52695925,261455.0736,94.14048877,0,test,Unknow,fjx,,CC1=CC(=O)CC(C1=O)(C)C,,24.69427382,34760.6966,87.015841,0.0,test,Unknow,fjx
,CCCCCCCCCCCCCCCC(=O)OC,,50.45597222,870157.3816,92.73158533,0,test,Unknow,fjx,,CCCCCC=CCC=CCCCCCCCC(=O)OC,,53.83660733,1080920.623,94.32871678,0.0,test,Unknow,fjx
,CC1=CC(=O)CC(C1=O)(C)C,,24.69427382,34760.6966,87.015841,0,test,Unknow,fjx,,CC(=O)CO,,6.51283337,40159.6663,97.84687906,0.0,test,Unknow,fjx
,CCCCCC=CCC=CCCCCCCCC(=O)OC,,53.83660733,1080920.623,94.32871678,0,test,Unknow,fjx,,CC1=CCC(CC1O)C(=C)C,,28.92471506,227343.1434,86.97691407,0.0,test,Unknow,fjx
,CC(=O)CO,,6.51283337,40159.6663,97.84687906,0,test,Unknow,fjx,,CC1=CCC(CC1O)C(=C)C,,28.30371461,259213.196,91.24447587,0.0,test,Unknow,fjx
,CC1=CCC(CC1O)C(=C)C,,28.92471506,227343.1434,86.97691407,0,test,Unknow,fjx,,COC1=C(C=C2C(=C1)C=CC(=O)O2)OC,,51.6515754,414969.1373,92.62718645,0.0,test,Unknow,fjx
,CC1=CCC(CC1O)C(=C)C,,28.30371461,259213.196,91.24447587,0,test,Unknow,fjx,,C1=CC=C(C(=C1)O)O,,26.84626237,232574.6328,80.94111465,0.0,test,Unknow,fjx
,COC1=C(C=C2C(=C1)C=CC(=O)O2)OC,,51.6515754,414969.1373,92.62718645,0,test,Unknow,fjx,,COC1=C(C=CC(=C1)C=O)O,,36.20127922,247820.1914,94.39305804,0.0,test,Unknow,fjx
,C1=CC=C(C(=C1)O)O,,26.84626237,232574.6328,80.94111465,0,test,Unknow,fjx,,CCCCCCCCCCCC(=O)O,,41.57459953,1520827.404,87.97989316,0.0,test,Unknow,fjx
,COC1=C(C=CC(=C1)C=O)O,,36.20127922,247820.1914,94.39305804,0,test,Unknow,fjx,,CC1=C2CC(CCC2(CCC1)C)C(C)(C)O,,43.98236753,82451.41038,83.23961613,0.0,test,Unknow,fjx
,CCCCCCCCCCCC(=O)O,,41.57459953,1520827.404,87.97989316,0,test,Unknow,fjx,,COC1=CC=C(C=C1)O,,21.72725412,52636.83435,87.0709987,0.0,test,Unknow,fjx
,CC1=C2CC(CCC2(CCC1)C)C(C)(C)O,,43.98236753,82451.41038,83.23961613,0,test,Unknow,fjx,,CC(CCC=C(C)C)CCOC(=O)C,,34.0624854,341819.428,93.47218445,0.0,test,Unknow,fjx
,COC1=CC=C(C=C1)O,,21.72725412,52636.83435,87.0709987,0,test,Unknow,fjx,,CC(C)CCCC(C)CCCC(C)CCCC(=CCO)C,,54.12669403,227210.5033,91.08980399,0.0,test,Unknow,fjx
,CC(CCC=C(C)C)CCOC(=O)C,,34.0624854,341819.428,93.47218445,0,test,Unknow,fjx,,CC1(CCCC2(C1=CC(=O)O2)C)C,,41.07893113,670431.7633,96.11881337,0.0,test,Unknow,fjx
,CC(C)CCCC(C)CCCC(C)CCCC(=CCO)C,,54.12669403,227210.5033,91.08980399,0,test,Unknow,fjx,,CC(C)C12CCC(C1C2)(C)O,,22.6169527,124970.2736,88.74108173,0.0,test,Unknow,fjx
,CC1(CCCC2(C1=CC(=O)O2)C)C,,41.07893113,670431.7633,96.11881337,0,test,Unknow,fjx,,CC(C)C1CCC2(C3C1C2C(=C)CC3)C,,39.46587733,2795873.264,95.31084188,0.0,test,Unknow,fjx
,CC(C)C12CCC(C1C2)(C)O,,22.6169527,124970.2736,88.74108173,0,test,Unknow,fjx,,CC(C(C1=CC=CC=C1)O)O,,19.22962277,45094.3031,81.20467648,0.0,test,Unknow,fjx
,CC(C)C1CCC2(C3C1C2C(=C)CC3)C,,39.46587733,2795873.264,95.31084188,0,test,Unknow,fjx,,CC(=CCCC(=CCCC(=C)C=C)C)C,,38.13244932,279245.2795,89.97966817,0.0,test,Unknow,fjx
,CC(C(C1=CC=CC=C1)O)O,,19.22962277,45094.3031,81.20467648,0,test,Unknow,fjx,,CC(C(C)O)O,,9.141999994,343627.0408,98.1105416,0.0,test,Unknow,fjx
,CC(=CCCC(=CCCC(=C)C=C)C)C,,38.13244932,279245.2795,89.97966817,0,test,Unknow,fjx,,C1COC(=O)C1O,,16.99207148,80312.591,82.44882902,0.0,test,Unknow,fjx
,CC(C(C)O)O,,9.141999994,343627.0408,98.1105416,0,test,Unknow,fjx,,CC(=C)C1CCC(C(C1)O)(C)O,,34.20746781,1163887.699,96.52111118,0.0,test,Unknow,fjx
,C1COC(=O)C1O,,16.99207148,80312.591,82.44882902,0,test,Unknow,fjx,,CC1=CCC(CC1)(C(C)C)O,,26.54680772,340379.1834,94.67462194,0.0,test,Unknow,fjx
,CC(=C)C1CCC(C(C1)O)(C)O,,34.20746781,1163887.699,96.52111118,0,test,Unknow,fjx,,CC(C)C1=CC(C(CC1)(C)C=C)C(=C)C,,33.71560107,785289.5369,94.2017001,0.0,test,Unknow,fjx
,CC1=CCC(CC1)(C(C)C)O,,26.54680772,340379.1834,94.67462194,0,test,Unknow,fjx,,CC1=CC(=O)CC(C1=C)(C)C,,28.54206326,143422.9939,91.08200276,0.0,test,Unknow,fjx
,CC(C)C1=CC(C(CC1)(C)C=C)C(=C)C,,33.71560107,785289.5369,94.2017001,0,test,Unknow,fjx,,CC1=CCCC(=CCC(CC1)C(C)(C)O)C,,41.48051348,527458.9461,87.09735827,0.0,test,Unknow,fjx
,CC1=CC(=O)CC(C1=C)(C)C,,28.54206326,143422.9939,91.08200276,0,test,Unknow,fjx,,COC1=C(C=C(C=C1)C2=CC(=O)C3=C(C(=C(C=C3O2)OC)OC)O)OC,,62.7446151,10038858.05,80.48566827,0.0,test,Unknow,fjx
,CC1=CCCC(=CCC(CC1)C(C)(C)O)C,,41.48051348,527458.9461,87.09735827,0,test,Unknow,fjx,,CC1=CCC(CC1=O)C(=C)C,,29.54345896,203930.9011,90.9584995,0.0,test,Unknow,fjx
,COC1=C(C=C(C=C1)C2=CC(=O)C3=C(C(=C(C=C3O2)OC)OC)O)OC,,62.7446151,10038858.05,80.48566827,0,test,Unknow,fjx,,CCC(C(CC)O)O,,7.697468697,11376.25148,85.51525494,0.0,test,Unknow,fjx
,CC1=CCC(CC1=O)C(=C)C,,29.54345896,203930.9011,90.9584995,0,test,Unknow,fjx,,CCCCCCCCCCCCCCCC(=O)OC(CO)CO,,61.14375396,827552.6147,91.74990357,0.0,test,Unknow,fjx
,CCC(C(CC)O)O,,7.697468697,11376.25148,85.51525494,0,test,Unknow,fjx,,CCCCC=CCCCCCCCCCC(=O)O,,50.78147382,1064749.661,88.76251893,0.0,test,Unknow,fjx
,CCCCCCCCCCCCCCCC(=O)OC(CO)CO,,61.14375396,827552.6147,91.74990357,0,test,Unknow,fjx,,CCCCCC=CC=CCCCCCCCCC(=O)O,,54.82655165,39774016.41,89.58196922,0.0,test,Unknow,fjx
,CCCCC=CCCCCCCCCCC(=O)O,,50.78147382,1064749.661,88.76251893,0,test,Unknow,fjx,,CC(C(C)O)O,,8.869809418,448762.4067,97.65869734,0.0,test,Unknow,fjx
,CCCCCC=CC=CCCCCCCCCC(=O)O,,54.82655165,39774016.41,89.58196922,0,test,Unknow,fjx,,COC1=CC(=CC(=C1O)OC)C=C,,41.65544808,295516.9561,92.43661524,0.0,test,Unknow,fjx
,CC(C(C)O)O,,8.869809418,448762.4067,97.65869734,0,test,Unknow,fjx,,CC1=C(C(=O)C(CO1)O)O,,24.55270979,75112.33484,89.04997876,0.0,test,Unknow,fjx
,COC1=CC(=CC(=C1O)OC)C=C,,41.65544808,295516.9561,92.43661524,0,test,Unknow,fjx,,CCCCCCC=CCCCCCCCCC(=O)O,,52.78291435,2461514.038,81.54730206,0.0,test,Unknow,fjx
,CC1=C(C(=O)C(CO1)O)O,,24.55270979,75112.33484,89.04997876,0,test,Unknow,fjx,,C12C3C4C1=C5C2C3=C45,,35.53479645,482699.6719,92.81860656,0.0,test,Unknow,fjx
,CCCCCCC=CCCCCCCCCC(=O)O,,52.78291435,2461514.038,81.54730206,0,test,Unknow,fjx,,C1CCC(CC1)N=C=O,,17.59898858,271592.3455,94.99645615,0.0,test,Unknow,fjx
,C12C3C4C1=C5C2C3=C45,,35.53479645,482699.6719,92.81860656,0,test,Unknow,fjx,,CCCCCCCCCC(OCC)OCC,,38.89186094,438367.1718,82.00995278,0.0,test,Unknow,fjx
,C1CCC(CC1)N=C=O,,17.59898858,271592.3455,94.99645615,0,test,Unknow,fjx,,CCCCC(OCC)OCC,,17.06408075,49408.88553,83.52618576,0.0,test,Unknow,fjx
,CCCCCCCCCC(OCC)OCC,,38.89186094,438367.1718,82.00995278,0,test,Unknow,fjx,,CC1=CCC2C3C1C2(CCC3C(C)C)C,,35.53493763,497299.9473,92.8609366,0.0,test,Unknow,fjx
,CCCCC(OCC)OCC,,17.06408075,49408.88553,83.52618576,0,test,Unknow,fjx,,CC1CC(=O)C=C2C1(CC(CC2)C(=C)C)C,,48.3423687,519653.8755,95.39503446,0.0,test,Unknow,fjx
,CC1=CCC2C3C1C2(CCC3C(C)C)C,,35.53493763,497299.9473,92.8609366,0,test,Unknow,fjx,,CC1=CC2C(CCC(=C2CC1)C)C(C)C,,40.54158485,1803084.844,94.74918925,0.0,test,Unknow,fjx
,CC1CC(=O)C=C2C1(CC(CC2)C(=C)C)C,,48.3423687,519653.8755,95.39503446,0,test,Unknow,fjx,,COC1=CC2=C(C=C1)N=CN2,,55.38306513,290581.2409,80.6082146,0.0,test,Unknow,fjx
,CC1=CC2C(CCC(=C2CC1)C)C(C)C,,40.54158485,1803084.844,94.74918925,0,test,Unknow,fjx,,CC1=C(C=C(C=C1)C(C)C)O,,31.54695527,1967278.503,91.0657991,0.0,test,Unknow,fjx
,COC1=CC2=C(C=C1)N=CN2,,55.38306513,290581.2409,80.6082146,0,test,Unknow,fjx,,CC(=CCCC(=CCC=C(C)C=C)C)C,,39.89820371,5397703.852,98.57587852,0.0,test,Unknow,fjx
,CC1=C(C=C(C=C1)C(C)C)O,,31.54695527,1967278.503,91.0657991,0,test,Unknow,fjx,,CC(C)CCCC(C)CCCC(C)CCCC(C)(C=C)O,,33.62594461,270633.2708,80.12891114,0.0,test,Unknow,fjx
,CC(=CCCC(=CCC=C(C)C=C)C)C,,39.89820371,5397703.852,98.57587852,0,test,Unknow,fjx,,CCCCCCCCCCCCCCCCC(=O)O,,53.15760712,664699.4891,89.91604288,0.0,test,Unknow,fjx
,CC(C)CCCC(C)CCCC(C)CCCC(C)(C=C)O,,33.62594461,270633.2708,80.12891114,0,test,Unknow,fjx,,CCCCCC=CCC=CCCCCCCCCO,,52.77183303,1215921.021,83.51523841,0.0,test,Unknow,fjx
,CCCCCCCCCCCCCCCCC(=O)O,,53.15760712,664699.4891,89.91604288,0,test,Unknow,fjx,,CC(=C)C1CCC(C(C1)C(=C)C)(C)C=C,,35.7120073,3267310.988,82.88652546,0.0,test,Unknow,fjx
,CCCCCC=CCC=CCCCCCCCCO,,52.77183303,1215921.021,83.51523841,0,test,Unknow,fjx,,CC1=CC=CC=C1C(C)C,,18.79679131,220051.5181,92.25837131,0.0,test,Unknow,fjx
,CC(=C)C1CCC(C(C1)C(=C)C)(C)C=C,,35.7120073,3267310.988,82.88652546,0,test,Unknow,fjx,,CC1=CC=CC=C1C=O,,27.97802495,134940.0682,80.7210095,0.0,test,Unknow,fjx
,CC1=CC=CC=C1C(C)C,,18.79679131,220051.5181,92.25837131,0,test,Unknow,fjx,,CC(=C)C1CCC(=CC1)CO,,32.09597479,91298.49999,82.38633761,0.0,test,Unknow,fjx
,CC1=CC=CC=C1C=O,,27.97802495,134940.0682,80.7210095,0,test,Unknow,fjx,,C1COC=CO1,,6.998198098,8790.412707,88.15075885,0.0,test,Unknow,fjx
,CC(=C)C1CCC(=CC1)CO,,32.09597479,91298.49999,82.38633761,0,test,Unknow,fjx,,CCCCCC=CCC=CCCCCCCCC(=O)OCC,,55.09312214,836067.0804,87.79926379,0.0,test,Unknow,fjx
,C1COC=CO1,,6.998198098,8790.412707,88.15075885,0,test,Unknow,fjx,,CCCCCCCCCCCCCC(=O)O,,46.78611775,1456492.962,97.43698438,0.0,test,Unknow,fjx
,CCCCCC=CCC=CCCCCCCCC(=O)OCC,,55.09312214,836067.0804,87.79926379,0,test,Unknow,fjx,,CCC(C)C(=O)C,,11.33080277,34730.02586,83.635272,0.0,test,Unknow,fjx
,CCCCCCCCCCCCCC(=O)O,,46.78611775,1456492.962,97.43698438,0,test,Unknow,fjx,,CC1=CCC(CC1)C(=C)C,,19.02683653,3631540.148,98.31490152,0.0,test,Unknow,fjx
,CCC(C)C(=O)C,,11.33080277,34730.02586,83.635272,0,test,Unknow,fjx,,COC1=C(C=C(C=C1)C=O)O,,36.20081296,251292.2579,94.32172246,0.0,test,Unknow,fjx
,CC1=CCC(CC1)C(=C)C,,19.02683653,3631540.148,98.31490152,0,test,Unknow,fjx,,CCCCCCCCCCCCCCCC(=O)OCC,,51.84050779,589748.0897,90.46388998,0.0,test,Unknow,fjx
,COC1=C(C=C(C=C1)C=O)O,,36.20081296,251292.2579,94.32172246,0,test,Unknow,fjx,,CC(=CCCC(C)(C=C)O)CO,,34.70336198,968952.7033,96.40852975,0.0,test,Unknow,fjx
,CCCCCCCCCCCCCCCC(=O)OCC,,51.84050779,589748.0897,90.46388998,0,test,Unknow,fjx,,CC1=CCC(C=CCC(=CCC1)C)(C)C,,38.61809822,863189.5506,97.14544153,0.0,test,Unknow,fjx
,CC(=CCCC(C)(C=C)O)CO,,34.70336198,968952.7033,96.40852975,0,test,Unknow,fjx,,CC(C)(C)OC(=O)C=CC1=CC=CC=C1,,37.204648,41887.82753,81.50307739,0.0,test,Unknow,fjx
,CC1=CCC(C=CCC(=CCC1)C)(C)C,,38.61809822,863189.5506,97.14544153,0,test,Unknow,fjx,,CC(=C)C1CCC(C=C1)(C)O,,23.61541705,281966.8592,88.15832355,0.0,test,Unknow,fjx
,CC(C)(C)OC(=O)C=CC1=CC=CC=C1,,37.204648,41887.82753,81.50307739,0,test,Unknow,fjx,,CCCCCC=CCC=CCCCCCCCC(=O)Cl,,53.95125411,1156815.46,85.51595876,0.0,test,Unknow,fjx
,CC(=C)C1CCC(C=C1)(C)O,,23.61541705,281966.8592,88.15832355,0,test,Unknow,fjx,,CC1=CCCC(=CCC(CC1)C(=C)C)C,,35.71813532,166348.0856,82.36795665,0.0,test,Unknow,fjx
,CCCCCC=CCC=CCCCCCCCC(=O)Cl,,53.95125411,1156815.46,85.51595876,0,test,Unknow,fjx,,CC(=C)C1CCC(=CC1)C(=O)O,,37.55812734,1606783.894,85.56502851,0.0,test,Unknow,fjx
,CC1=CCCC(=CCC(CC1)C(=C)C)C,,35.71813532,166348.0856,82.36795665,0,test,Unknow,fjx,,COC1=C(C=CC(=C1)C=C)O,,32.51833385,1017585.84,96.49729653,0.0,test,Unknow,fjx
,CC(=C)C1CCC(=CC1)C(=O)O,,37.55812734,1606783.894,85.56502851,0,test,Unknow,fjx,,CC(=CCCC(C)(C=C)O)C,,22.36204873,1160605.962,98.67769137,0.0,test,Unknow,fjx
,COC1=C(C=CC(=C1)C=C)O,,32.51833385,1017585.84,96.49729653,0,test,Unknow,fjx,,CCC(C)CCCO,,25.78075003,25947.86666,87.98328845,0.0,test,Unknow,fjx
,CC(=CCCC(C)(C=C)O)C,,22.36204873,1160605.962,98.67769137,0,test,Unknow,fjx,,CC(C)COC(=O)C1=CC=CC=C1C(=O)OCC(C)C,,49.18358805,542604.2539,97.19568126,0.0,test,Unknow,fjx
,CCC(C)CCCO,,25.78075003,25947.86666,87.98328845,0,test,Unknow,fjx,,CCCCOC(=O)C1=CC=CC=C1C(=O)OCCCC,,51.19639988,123964.0955,90.67693199,0.0,test,Unknow,fjx
,CC(C)COC(=O)C1=CC=CC=C1C(=O)OCC(C)C,,49.18358805,542604.2539,97.19568126,0,test,Unknow,fjx,,CC1=CCCC(=C)C2CC(C2CC1)(C)C,,37.33183089,420280.6415,95.58043758,0.0,test,Unknow,fjx
,CCCCOC(=O)C1=CC=CC=C1C(=O)OCCCC,,51.19639988,123964.0955,90.67693199,0,test,Unknow,fjx,,CC1=C2CCC(C2C3C(C3(C)C)CC1)(C)O,,43.83452489,828821.6766,97.15690962,0.0,test,Unknow,fjx
,CC1=CCCC(=C)C2CC(C2CC1)(C)C,,37.33183089,420280.6415,95.58043758,0,test,Unknow,fjx,,CC1=CC(=C(C=C1)C(C)C)O,,31.01255343,863386.8582,91.44495896,0.0,test,Unknow,fjx
,CC1=C2CCC(C2C3C(C3(C)C)CC1)(C)O,,43.83452489,828821.6766,97.15690962,0,test,Unknow,fjx,,C1=CC=C(C=C1)C(=O)OCCCl,,25.43916776,725962.8804,92.58186135,0.0,test,Unknow,fjx
,CC1=CC(=C(C=C1)C(C)C)O,,31.01255343,863386.8582,91.44495896,0,test,Unknow,fjx,,C(C(=O)CO)O,,12.68264376,23547.66882,87.7958344,0.0,test,Unknow,fjx
,C1=CC=C(C=C1)C(=O)OCCCl,,25.43916776,725962.8804,92.58186135,0,test,Unknow,fjx,,CC1=CCC(CC1)C(C)(C)O,,27.22292348,688051.1236,97.54337184,0.0,test,Unknow,fjx
,C(C(=O)CO)O,,12.68264376,23547.66882,87.7958344,0,test,Unknow,fjx,,CC1=CCC(CC1=O)C(=C)C,,29.54331375,193365.5106,91.35377809,0.0,test,Unknow,fjx
,CC1=CCC(CC1)C(C)(C)O,,27.22292348,688051.1236,97.54337184,0,test,Unknow,fjx,,CC1=CCC(=CC1)C(C)C,,20.40883599,300806.6695,95.97131399,0.0,test,Unknow,fjx
,CC1=CCC(CC1=O)C(=C)C,,29.54331375,193365.5106,91.35377809,0,test,Unknow,fjx,,CC1=CC=C(C=C1)C(C)C,,18.79773488,216421.7036,91.78828588,0.0,test,Unknow,fjx
,CC1=CCC(=CC1)C(C)C,,20.40883599,300806.6695,95.97131399,0,test,Unknow,fjx,,,,,,,,,,
,CC1=CC=C(C=C1)C(C)C,,18.79773488,216421.7036,91.78828588,0,test,Unknow,fjx,,,,,,,,,,
